planta_id,linea_id,oee_promedio
PLT_CAN,PLT_CAN_L02,0.923201932747497
PLT_BIZ,PLT_BIZ_L02,0.924351411593377
PLT_ALA,PLT_ALA_L02,0.9259525957047428
PLT_CAN,PLT_CAN_L01,0.9279948611878844
PLT_ALA,PLT_ALA_L01,0.9297766219709224
PLT_ALA,PLT_ALA_L03,0.9345244539680163
PLT_CAN,PLT_CAN_L03,0.9385406404282775
PLT_BIZ,PLT_BIZ_L01,0.9391311306501542
PLT_BIZ,PLT_BIZ_L03,0.9422929365415904
PLT_BIZ,PLT_BIZ_L04,0.9477447131902116
PLT_CAN,PLT_CAN_L04,0.9482974159698443
PLT_ALA,PLT_ALA_L04,0.9514362524081982
