planta_id,linea_id,sec_promedio
PLT_BIZ,PLT_BIZ_L02,580.2957998716249
PLT_CAN,PLT_CAN_L02,522.3090894035297
PLT_BIZ,PLT_BIZ_L01,470.38625873488917
PLT_ALA,PLT_ALA_L02,455.3169247523139
PLT_BIZ,PLT_BIZ_L03,434.09387980866285
PLT_ALA,PLT_ALA_L01,429.7069106442237
PLT_CAN,PLT_CAN_L01,414.18138857072796
PLT_CAN,PLT_CAN_L03,409.6330403529277
PLT_CAN,PLT_CAN_L04,388.6140191290256
PLT_ALA,PLT_ALA_L03,387.56096164112824
PLT_ALA,PLT_ALA_L04,358.6166526187909
PLT_BIZ,PLT_BIZ_L04,345.5815729464108
